School,G,Tm.,Opp.,FG,FGA,FG%,3P,3PA,3P%,FT,FTA,FT%,ORB,TRB,AST,STL,BLK,TOV,PF
Abilene Christian,29,2009,2073,721,1555,.464,207,550,.376,360,543,.663,222,904,408,210,83,412,631
Air Force,33,2411,2477,817,1876,.436,264,728,.363,513,715,.717,304,1149,494,197,57,390,594
Akron,36,2772,2550,949,2035,.466,366,984,.372,508,744,.683,357,1246,517,198,118,422,653
Alabama A&M,29,1794,2255,628,1549,.405,125,447,.280,411,614,.669,299,914,326,100,50,384,526
Alabama-Birmingham,33,2369,2316,835,1809,.462,203,583,.348,496,674,.736,321,1188,503,157,160,444,527
Alabama State,31,2042,2305,719,1834,.392,200,674,.297,404,634,.637,427,1188,300,150,98,488,629
Alabama,34,2330,2200,809,1909,.424,225,710,.317,487,746,.653,418,1327,390,200,141,474,664
Albany (NY),35,2496,2301,907,1941,.467,192,516,.372,490,647,.757,379,1257,444,178,60,416,617
Alcorn State,32,2221,2175,800,1866,.429,222,669,.332,399,612,.652,387,1243,425,209,115,452,610
American,30,1845,2049,692,1542,.449,168,529,.318,293,474,.618,204,868,339,209,73,396,548
Appalachian State,30,2208,2279,749,1781,.421,251,742,.338,459,674,.681,339,1126,414,167,91,414,641
Arizona State,33,2593,2695,888,2047,.434,328,896,.366,489,653,.749,304,1075,430,194,106,344,556
Arizona,37,2833,2440,977,2048,.477,244,625,.390,635,830,.765,380,1358,501,201,119,413,625
Arkansas-Little Rock,32,2188,2185,775,1749,.443,207,599,.346,431,582,.741,305,1058,379,183,120,412,591
Arkansas-Pine Bluff,32,1977,2320,695,1725,.403,208,621,.335,379,581,.652,335,1013,334,279,93,578,718
Arkansas State,32,2346,2211,826,1792,.461,220,579,.380,474,743,.638,352,1169,397,172,83,414,652
Arkansas,36,2855,2659,997,2165,.461,233,638,.365,628,825,.761,401,1298,497,278,170,428,739
Army,32,2324,2340,842,1906,.442,291,825,.353,349,533,.655,317,1213,520,178,61,483,620
Auburn,32,2573,2546,861,1969,.437,289,789,.366,562,836,.672,369,1171,416,234,162,434,668
Austin Peay,30,2331,2515,806,1718,.469,227,640,.355,492,695,.708,245,913,324,171,73,373,547
Ball State,34,2677,2567,929,2014,.461,319,841,.379,500,696,.718,335,1281,529,203,118,496,658
Baylor,35,2550,2228,921,1956,.471,230,641,.359,478,661,.723,451,1329,544,180,166,469,617
Belmont,30,2302,2078,798,1703,.469,306,895,.342,400,521,.768,254,1057,481,131,80,380,531
Bethune-Cookman,32,2275,2490,840,2022,.415,228,712,.320,367,554,.662,397,1135,448,245,96,413,644
Binghamton,32,2175,2270,768,1757,.437,248,685,.362,391,555,.705,251,1055,410,167,78,397,545
Boise State,32,2404,2278,811,1802,.450,253,726,.348,529,743,.712,309,1139,387,158,77,409,662
Boston College,32,2320,2508,843,1880,.448,256,685,.374,378,556,.680,292,1119,473,179,87,467,597
Boston University,32,2339,2264,817,1844,.443,274,773,.354,431,619,.696,311,1141,449,265,81,444,610
Bowling Green State,32,2355,2453,832,1957,.425,220,644,.342,471,706,.667,353,1153,390,221,87,408,623
Bradley,33,2163,2333,731,1722,.425,217,609,.356,484,719,.673,297,1156,372,203,118,499,672
Brigham Young,34,2741,2525,937,2057,.456,230,668,.344,637,869,.733,363,1418,534,224,156,469,657
Brown,30,2275,2338,735,1660,.443,244,665,.367,561,739,.759,275,933,399,228,56,430,597
Bryant,32,2373,2478,839,1917,.438,237,701,.338,458,636,.720,345,1148,460,218,69,428,680
Bucknell,35,2669,2376,942,1961,.480,286,754,.379,497,730,.681,302,1203,510,252,134,466,655
Buffalo,32,2486,2375,877,1945,.451,240,727,.330,492,711,.692,385,1295,459,181,127,453,735
Butler,34,2595,2341,906,1898,.477,261,714,.366,522,704,.741,287,1091,453,206,96,346,640
Cal Poly,31,2082,2242,726,1800,.403,258,758,.340,372,534,.697,300,1003,322,162,113,333,574
Cal State Bakersfield,35,2502,2235,895,2035,.440,229,652,.351,483,755,.640,433,1349,507,286,137,519,794
Cal State Fullerton,32,2351,2280,821,1850,.444,196,631,.311,513,747,.687,341,1196,387,223,117,465,666
Cal State Northridge,30,2341,2440,806,1747,.461,145,415,.349,584,801,.729,295,1052,411,207,90,399,638
UC-Davis,36,2525,2506,873,2008,.435,221,635,.348,558,828,.674,364,1280,461,202,118,513,688
UC-Irvine,36,2514,2331,915,2062,.444,265,734,.361,419,611,.686,402,1429,460,176,154,481,748
UC-Riverside,29,1895,2016,689,1671,.412,173,553,.313,344,495,.695,264,1011,338,198,88,387,572
UC-Santa Barbara,28,1701,1987,622,1651,.377,154,531,.290,303,478,.634,356,1028,338,148,59,341,502
University of California,34,2316,2154,807,1911,.422,226,664,.340,476,720,.661,394,1323,409,165,155,428,656
Campbell,37,2653,2605,909,1992,.456,294,798,.368,541,720,.751,292,1219,432,244,151,476,662
Canisius,34,2665,2642,943,2066,.456,309,832,.371,470,639,.736,364,1120,601,230,64,446,659
Central Arkansas,32,2395,2692,836,1910,.438,230,613,.375,493,687,.718,337,1151,465,178,84,446,606
Central Connecticut State,29,1827,2112,675,1602,.421,146,418,.349,331,534,.620,332,966,341,166,68,413,539
Central Florida,36,2414,2202,825,1898,.435,263,748,.352,501,758,.661,389,1471,400,144,145,525,548
Central Michigan,32,2826,2807,912,2153,.424,399,1115,.358,603,762,.791,364,1244,362,181,93,362,612
Charleston Southern,31,2304,2343,824,1868,.441,228,669,.341,428,643,.666,336,1092,341,176,89,358,620
Charlotte,30,2295,2407,800,1803,.444,237,630,.376,458,614,.746,224,979,361,190,94,366,578
Chattanooga,31,2314,2132,801,1718,.466,231,667,.346,481,677,.710,322,1005,377,241,145,413,570
Chicago State,32,2089,2511,739,1923,.384,212,681,.311,399,569,.701,344,1123,360,215,68,440,616
Cincinnati,36,2674,2208,969,2116,.458,264,764,.346,472,688,.686,437,1328,557,261,173,361,566
Citadel,33,2964,3121,980,2357,.416,397,1165,.341,607,802,.757,448,1232,561,306,85,473,737
Clemson,33,2468,2361,871,1939,.449,239,669,.357,487,666,.731,365,1124,414,235,130,354,501
Cleveland State,31,2083,2222,745,1838,.405,219,709,.309,374,541,.691,339,1024,327,221,94,405,636
Coastal Carolina,39,2833,2858,1021,2416,.423,318,963,.330,473,719,.658,480,1571,467,237,109,508,709
Colgate,32,2145,2273,745,1693,.440,271,732,.370,384,567,.677,263,1037,414,164,82,470,603
College of Charleston,35,2416,2260,804,1862,.432,220,670,.328,588,799,.736,302,1194,355,194,117,364,604
Colorado State,36,2611,2447,879,2070,.425,257,758,.339,596,815,.731,409,1374,397,218,123,392,618
Colorado,34,2568,2455,888,1993,.446,250,718,.348,542,770,.704,403,1276,474,172,146,410,632
Columbia,27,1940,1964,700,1603,.437,211,584,.361,329,465,.708,273,941,418,190,79,347,506
Connecticut,33,2220,2189,778,1809,.430,223,628,.355,441,619,.712,336,1209,432,146,177,402,575
Coppin State,32,2119,2521,705,1846,.382,225,708,.318,484,745,.650,367,1115,335,182,72,440,664
Cornell,29,2074,2238,746,1646,.453,244,720,.339,338,484,.698,219,976,417,150,78,419,529
Creighton,35,2864,2549,1078,2137,.504,304,766,.397,404,592,.682,289,1223,598,213,102,435,582
Dartmouth,27,1812,2020,631,1463,.431,199,565,.352,351,495,.709,249,917,301,124,48,401,493
Davidson,32,2362,2292,814,1861,.437,292,856,.341,442,587,.753,285,1149,499,163,106,390,583
Dayton,32,2428,2126,820,1763,.465,258,671,.385,530,768,.690,277,1097,500,249,128,376,601
Delaware State,32,2186,2399,782,1865,.419,263,727,.362,359,545,.659,348,1057,429,177,89,436,608
Delaware,33,2157,2381,775,1838,.422,196,643,.305,411,599,.686,322,1159,385,176,102,396,625
Denver,30,2275,2239,811,1684,.482,223,555,.402,428,583,.734,273,1058,452,150,64,404,603
DePaul,32,2206,2388,775,1804,.430,184,564,.326,472,642,.735,339,1057,366,213,92,451,635
Detroit Mercy,31,2387,2630,830,1867,.445,251,675,.372,476,717,.664,320,1036,398,203,78,451,741
Drake,31,2208,2390,760,1856,.409,270,782,.345,418,553,.756,311,1070,404,188,75,389,563
Drexel,32,2397,2508,865,1987,.435,256,741,.345,411,617,.666,379,1177,470,187,98,425,644
Duke,37,2991,2597,1019,2144,.475,311,822,.378,642,842,.762,390,1341,484,226,172,421,675
Duquesne,32,2256,2376,785,1835,.428,226,677,.334,460,680,.676,343,1167,401,157,127,454,593
East Carolina,33,2088,2148,716,1797,.398,214,668,.320,442,673,.657,370,1252,394,168,171,459,550
East Tennessee State,35,2782,2438,960,1967,.488,265,693,.382,597,850,.702,357,1269,516,293,162,519,698
Eastern Illinois,29,2169,2083,772,1852,.417,259,696,.372,366,501,.731,348,1081,444,198,119,370,559
Eastern Kentucky,31,2197,2330,750,1751,.428,235,733,.321,462,655,.705,286,1018,422,185,113,432,619
Eastern Michigan,33,2566,2409,918,2046,.449,211,616,.343,519,716,.725,420,1201,443,317,144,399,704
Eastern Washington,34,2695,2592,947,1975,.479,281,741,.379,520,675,.770,309,1196,421,158,162,415,679
Elon,32,2403,2292,850,1911,.445,308,868,.355,395,577,.685,291,1209,466,165,73,374,532
Evansville,33,2288,2261,800,1762,.454,127,347,.366,561,787,.713,298,1136,442,172,99,389,659
Fairfield,31,2251,2279,822,1859,.442,262,782,.335,345,506,.682,275,1115,464,166,92,416,567
Fairleigh Dickinson,30,2183,2250,754,1713,.440,201,606,.332,474,620,.765,291,993,366,189,78,398,637
Florida A&M,30,2153,2365,762,1800,.423,187,538,.348,442,671,.659,304,1047,379,197,99,407,568
Florida Atlantic,30,2108,2221,756,1838,.411,204,639,.319,392,558,.703,316,1066,369,171,93,348,570
Florida Gulf Coast,34,2701,2356,1007,2017,.499,221,636,.347,466,664,.702,379,1269,527,207,116,421,635
Florida International,31,2178,2282,805,1773,.454,181,545,.332,387,516,.750,315,1051,346,185,67,413,570
Florida State ,35,2873,2523,1036,2146,.483,233,671,.347,568,824,.689,409,1324,511,259,180,415,684
Florida ,36,2804,2394,953,2118,.450,278,776,.358,620,851,.729,416,1331,450,272,167,431,661
Fordham,32,2090,2167,741,1783,.416,264,791,.334,344,474,.726,261,913,429,314,91,418,611
Fresno State,33,2426,2315,852,1872,.455,209,593,.352,513,763,.672,314,1175,414,277,127,444,718
Furman,35,2590,2319,918,1941,.473,319,828,.385,435,624,.697,317,1211,524,245,82,451,613
Gardner-Webb,33,2546,2319,913,1905,.479,209,552,.379,511,819,.624,372,1259,486,291,118,474,670
George Mason,34,2519,2437,879,1962,.448,182,542,.336,579,775,.747,381,1370,398,169,96,440,570
George Washington,35,2447,2438,821,1938,.424,276,743,.371,529,710,.745,394,1279,466,192,136,453,541
Georgetown,32,2369,2309,808,1752,.461,206,590,.349,547,746,.733,305,1142,480,175,147,454,672
Georgia Southern,33,2492,2420,841,1909,.441,303,837,.362,507,763,.664,320,1147,342,224,102,388,641
Georgia State,33,2442,2312,885,1888,.469,246,690,.357,426,658,.647,334,1174,399,236,140,463,673
Georgia Tech,37,2496,2472,910,2079,.438,171,516,.331,505,740,.682,356,1330,570,245,221,494,592
Georgia,34,2435,2393,836,1903,.439,175,538,.325,588,777,.757,330,1259,429,182,126,444,632
Gonzaga ,39,3222,2398,1149,2280,.504,286,749,.382,638,890,.717,378,1587,595,265,183,448,660
Grambling,33,2361,2412,841,1943,.433,184,581,.317,495,747,.663,398,1108,368,292,76,450,658
Grand Canyon,31,2282,2103,790,1812,.436,205,619,.331,497,747,.665,335,1166,423,233,79,397,539
Green Bay,32,2565,2479,913,2061,.443,197,612,.322,542,787,.689,387,1312,446,247,133,448,632
Hampton,31,2149,2219,751,1844,.407,196,620,.316,451,633,.712,371,1143,364,152,113,435,633
Hartford,32,2136,2465,730,1814,.402,263,777,.338,413,591,.699,292,1046,367,228,118,462,603
Harvard,28,2012,1842,699,1564,.447,229,645,.355,385,518,.743,275,1005,403,176,133,359,531
Hawaii,30,2042,2048,698,1650,.423,214,658,.325,432,604,.715,287,966,418,150,57,414,570
High Point,31,2133,2136,732,1693,.432,196,520,.377,473,636,.744,307,1088,389,184,96,407,539
Hofstra,32,2473,2454,846,1908,.443,291,792,.367,490,716,.684,371,1164,419,142,82,341,544
Holy Cross,32,1932,1988,663,1552,.427,236,685,.345,370,534,.693,189,811,426,302,76,351,515
Houston Baptist,31,2441,2398,871,1924,.453,195,574,.340,504,721,.699,425,1199,457,195,81,410,597
Houston,32,2358,2077,850,1902,.447,268,681,.394,390,544,.717,362,1138,406,170,113,315,601
Howard,34,2163,2433,723,1856,.390,172,591,.291,547,833,.657,420,1257,307,179,126,500,636
Idaho State,31,2164,2486,742,1708,.434,237,660,.359,443,648,.684,225,921,316,224,73,400,578
Idaho,33,2412,2346,809,1870,.433,255,694,.367,539,746,.723,362,1213,422,164,81,421,697
Illinois-Chicago,36,2749,2754,939,2113,.444,272,746,.365,599,843,.711,422,1429,524,197,183,589,678
Illinois State,35,2418,2146,865,1972,.439,294,797,.369,394,593,.664,369,1293,483,250,170,427,620
Illinois,35,2508,2417,898,2019,.445,270,731,.369,442,643,.687,342,1217,472,197,83,433,641
Incarnate Word,29,2212,2320,736,1617,.455,233,601,.388,507,731,.694,229,950,362,168,136,391,583
Indiana State,31,2170,2255,762,1832,.416,254,727,.349,392,576,.681,264,1111,417,204,126,396,660
Indiana,34,2711,2491,959,2004,.479,295,776,.380,498,683,.729,413,1328,488,209,157,517,682
Iona ,35,2813,2689,979,2155,.454,342,862,.397,513,668,.768,338,1250,541,239,108,421,669
Iowa State ,35,2829,2529,1031,2186,.472,344,860,.400,423,604,.700,318,1219,553,272,124,355,557
Iowa,34,2738,2654,964,2121,.455,300,791,.379,510,741,.688,408,1306,602,252,130,472,608
IPFW,33,2869,2602,1055,2127,.496,352,876,.402,407,561,.725,334,1245,576,255,129,450,592
IUPUI,32,2500,2517,883,1957,.451,288,743,.388,446,653,.683,348,1104,455,217,87,401,655
Jackson State,32,2066,2142,716,1860,.385,217,730,.297,417,619,.674,425,1162,350,197,83,390,648
Jacksonville State ,35,2434,2378,857,1869,.459,258,685,.377,462,647,.714,355,1244,493,157,134,477,628
Jacksonville,33,2557,2477,878,1885,.466,327,812,.403,474,644,.736,302,1081,445,265,63,424,620
James Madison,33,2194,2299,770,1733,.444,208,629,.331,446,622,.717,310,1133,385,194,89,467,665
Kansas State ,35,2523,2372,869,1883,.461,247,683,.362,538,775,.694,330,1132,521,271,130,453,630
Kansas ,36,2995,2588,1071,2193,.488,318,787,.404,535,789,.678,428,1393,584,250,162,456,639
Kennesaw State,32,2401,2456,892,1932,.462,206,495,.416,411,595,.691,358,1146,507,163,95,431,613
Kent State ,36,2772,2628,986,2302,.428,257,803,.320,543,755,.719,539,1454,449,230,134,465,685
Kentucky ,38,3225,2716,1134,2396,.473,267,757,.353,690,980,.704,470,1512,585,229,200,443,716
La Salle,30,2266,2297,761,1666,.457,255,700,.364,489,638,.766,249,973,425,191,64,393,559
Lafayette,30,1995,2282,712,1655,.430,221,662,.334,350,492,.711,205,956,378,148,85,436,514
Lamar,34,2623,2434,907,1977,.459,265,732,.362,544,813,.669,389,1189,481,271,95,455,733
Lehigh,32,2432,2261,857,1788,.479,270,689,.392,448,580,.772,232,1100,467,215,99,450,539
Liberty,35,2331,2220,779,1787,.436,319,888,.359,454,612,.742,173,990,453,229,65,363,670
Lipscomb,33,2804,2562,939,1978,.475,340,928,.366,586,811,.723,340,1213,599,218,104,500,702
Long Beach State,34,2549,2666,895,2035,.440,216,616,.351,543,750,.724,396,1212,447,199,92,488,682
Long Island University,32,2278,2218,803,1846,.435,184,534,.345,488,710,.687,423,1242,350,186,107,460,641
Longwood,30,2018,2408,738,1660,.445,186,568,.327,356,487,.731,218,922,324,175,124,456,539
Louisiana-Lafayette,33,2704,2518,945,2022,.467,231,673,.343,583,839,.695,442,1252,475,233,91,440,621
Louisiana-Monroe,33,2198,2299,814,1916,.425,237,713,.332,333,498,.669,347,1174,443,154,73,433,576
Louisiana State,31,2319,2572,853,1893,.451,196,584,.336,417,599,.696,355,1115,397,186,110,451,593
Louisiana Tech,33,2557,2203,911,1952,.467,257,711,.361,478,674,.709,335,1244,543,223,176,407,519
Louisville ,34,2628,2243,952,2085,.457,238,670,.355,486,708,.686,457,1343,461,227,186,374,652
Loyola (IL),32,2348,2137,852,1754,.486,259,665,.389,385,543,.709,218,1000,474,218,76,377,545
Loyola Marymount,30,2113,2125,779,1755,.444,217,614,.353,338,545,.620,332,1022,444,228,120,395,610
Loyola (MD),33,2175,2249,753,1791,.420,177,538,.329,492,711,.692,381,1113,385,240,113,496,636
Maine,32,2069,2400,746,1852,.403,212,665,.319,365,558,.654,325,1122,377,165,63,419,562
Manhattan,32,2259,2485,754,1813,.416,209,636,.329,542,743,.729,355,1118,350,224,103,530,790
Marist,32,2223,2530,749,1747,.429,245,736,.333,480,662,.725,235,998,352,146,83,409,628
Marquette ,32,2631,2418,919,1888,.487,336,783,.429,457,585,.781,280,1058,525,231,115,396,620
Marshall,35,2997,2939,1021,2237,.456,356,962,.370,599,816,.734,325,1291,576,211,140,433,643
Maryland-Baltimore County,34,2759,2624,957,2041,.469,330,840,.393,515,691,.745,307,1199,507,224,80,411,625
Maryland-Eastern Shore,34,2424,2583,854,2013,.424,262,765,.342,456,668,.683,337,1142,449,193,89,425,665
Maryland ,33,2438,2246,827,1840,.449,272,757,.359,512,732,.699,351,1173,472,180,154,426,613
Massachusetts-Lowell,31,2429,2517,877,1825,.481,258,662,.390,417,567,.735,280,1038,495,171,64,474,622
Massachusetts,33,2371,2372,847,1939,.437,234,789,.297,443,671,.660,333,1185,529,250,169,489,722
McNeese State,29,2043,2292,715,1697,.421,195,587,.332,418,610,.685,285,977,302,159,91,403,573
Memphis,32,2367,2262,852,1926,.442,181,613,.295,482,706,.683,373,1172,508,221,150,368,534
Mercer,32,2269,2184,787,1774,.444,244,698,.350,449,574,.782,367,1174,433,134,74,367,546
Miami (FL) ,33,2278,2116,813,1800,.452,209,587,.356,443,617,.718,363,1176,389,213,125,417,513
Miami (OH),32,2249,2384,787,1815,.434,199,647,.308,476,689,.691,298,1091,364,238,125,467,642
Michigan State ,35,2515,2404,905,1927,.470,273,732,.373,432,646,.669,328,1275,591,151,162,490,699
Michigan ,38,2851,2523,1002,2076,.483,361,937,.385,486,624,.779,280,1111,527,220,108,348,571
Middle Tennessee ,36,2697,2299,1014,2077,.488,228,622,.367,441,631,.699,355,1273,552,242,100,374,655
Milwaukee,35,2347,2494,860,1949,.441,272,782,.348,355,538,.660,280,1107,467,164,53,409,641
Minnesota ,34,2556,2361,887,2037,.435,209,610,.343,573,806,.711,378,1341,507,194,227,393,577
Mississippi State,32,2320,2281,821,1849,.444,247,711,.347,431,627,.687,310,1130,386,239,131,433,638
Mississippi Valley State,32,2235,2665,818,1942,.421,174,508,.343,423,651,.650,385,1108,374,218,60,460,624
Mississippi,36,2807,2747,914,2162,.423,283,815,.347,696,926,.752,458,1422,465,243,149,516,702
Missouri-Kansas City,35,2691,2753,911,2076,.439,315,848,.371,554,777,.713,353,1213,451,236,92,510,772
Missouri State,33,2403,2277,838,1895,.442,270,744,.363,457,652,.701,377,1212,403,176,127,406,585
Missouri,32,2213,2333,744,1893,.393,225,739,.304,500,732,.683,357,1168,386,200,68,384,647
Monmouth,34,2761,2504,929,2127,.437,303,813,.373,600,793,.757,380,1310,431,235,155,425,697
Montana State,32,2561,2532,857,1968,.435,320,853,.375,527,722,.730,336,1167,423,181,74,393,732
Montana,32,2391,2348,843,1879,.449,238,667,.357,467,621,.752,310,1084,416,181,91,345,699
Morehead State,30,2370,2311,878,1906,.461,219,568,.386,395,544,.726,396,1129,482,202,95,404,633
Morgan State,30,2025,2121,691,1793,.385,159,541,.294,484,681,.711,424,1168,322,170,101,420,602
Mount St. Mary's ,36,2446,2474,877,1977,.444,261,730,.358,431,640,.673,276,1082,403,222,142,472,640
Murray State,33,2639,2543,899,2040,.441,289,803,.360,552,751,.735,399,1243,458,198,75,403,659
Navy,32,2076,2055,735,1740,.422,206,670,.307,400,624,.641,424,1134,433,227,66,464,594
Nebraska-Omaha,32,2685,2673,895,1972,.454,297,765,.388,598,799,.748,338,1149,442,262,107,444,616
Nebraska,31,2168,2264,793,1906,.416,179,560,.320,403,568,.710,411,1187,354,211,116,411,577
Nevada-Las Vegas,32,2202,2405,747,1893,.395,213,666,.320,495,711,.696,365,1210,412,189,85,410,539
Nevada ,35,2792,2496,933,2082,.448,320,837,.382,606,859,.705,386,1351,559,189,152,386,581
New Hampshire,32,2277,2118,783,1787,.438,256,727,.352,455,628,.725,324,1227,398,129,59,401,505
New Mexico State ,34,2678,2310,913,1957,.467,252,747,.337,600,843,.712,436,1339,505,166,128,465,627
New Mexico,31,2283,2253,778,1693,.460,145,444,.327,582,780,.746,274,1071,419,189,109,403,611
New Orleans ,32,2331,2215,830,1755,.473,139,438,.317,532,749,.710,386,1140,500,252,97,534,562
Niagara,33,2448,2579,846,2035,.416,244,667,.366,512,683,.750,389,1260,416,172,152,428,604
Nicholls State,31,2316,2464,771,1804,.427,278,805,.345,496,671,.739,303,1020,430,234,190,451,599
NJIT,31,2253,2320,786,1857,.423,258,775,.333,421,599,.703,343,1134,395,203,89,418,599
Norfolk State,34,2374,2430,827,1949,.424,225,663,.339,495,727,.681,365,1307,375,173,180,502,705
North Carolina-Asheville,33,2544,2261,908,1908,.476,264,670,.394,464,681,.681,281,1096,512,306,64,384,553
North Carolina A&T,32,2056,2435,728,1716,.424,200,610,.328,400,587,.681,351,1102,352,144,69,466,629
North Carolina Central ,34,2542,2159,910,2005,.454,255,761,.335,467,684,.683,397,1313,480,209,112,406,587
North Carolina-Greensboro,35,2628,2424,947,2043,.464,308,807,.382,426,603,.706,405,1243,525,245,133,474,638
North Carolina State,32,2483,2547,888,1898,.468,226,635,.356,481,687,.700,329,1161,457,162,140,428,582
North Carolina-Wilmington ,35,2967,2624,1071,2231,.480,336,917,.366,489,708,.691,422,1261,564,234,115,363,699
North Carolina ,40,3377,2824,1226,2633,.466,283,798,.355,642,916,.701,630,1748,722,283,139,473,711
North Dakota State,30,2244,2146,775,1693,.458,232,630,.368,462,650,.711,258,1047,365,183,111,348,501
North Dakota ,32,2578,2357,926,1919,.483,228,585,.390,498,698,.713,297,1146,487,251,93,419,672
North Florida,34,2637,2674,926,2025,.457,295,841,.351,490,748,.655,423,1321,447,185,143,542,639
North Texas,30,2075,2258,740,1747,.424,186,582,.320,409,633,.646,300,1075,338,199,95,410,567
Northeastern,31,2234,2230,767,1682,.456,267,728,.367,433,636,.681,264,1039,414,170,112,390,522
Northern Arizona,32,2217,2436,769,1892,.406,239,746,.320,440,644,.683,382,1218,440,142,63,465,590
Northern Colorado,29,2075,2167,732,1666,.439,254,732,.347,357,590,.605,310,1075,392,147,64,407,563
Northern Illinois,32,2310,2261,828,1891,.438,161,516,.312,493,728,.677,400,1211,347,226,80,429,618
Northern Iowa,30,1854,1931,622,1559,.399,229,702,.326,381,520,.733,182,878,298,197,84,342,464
Northern Kentucky ,35,2659,2507,928,2037,.456,300,859,.349,503,740,.680,391,1319,486,200,98,468,622
Northwestern State,29,2204,2301,751,1698,.442,203,555,.366,499,723,.690,337,1049,405,196,77,439,568
Northwestern ,36,2558,2357,913,2094,.436,256,747,.343,476,637,.747,386,1304,540,190,175,383,691
Notre Dame ,36,2783,2494,980,2139,.458,334,869,.384,489,611,.800,334,1212,566,255,134,341,533
Oakland,34,2699,2419,935,2057,.455,247,738,.335,582,765,.761,353,1324,576,266,170,462,592
Ohio State,32,2329,2232,827,1786,.463,211,592,.356,464,680,.682,324,1191,434,166,121,423,562
Ohio,31,2387,2166,835,1837,.455,285,742,.384,432,626,.690,284,1141,415,182,88,388,550
Oklahoma State ,33,2828,2589,957,2050,.467,294,732,.402,620,786,.789,454,1215,486,252,99,432,730
Oklahoma,31,2262,2299,788,1863,.423,192,558,.344,494,685,.721,361,1173,328,213,147,428,602
Old Dominion,31,1998,1896,727,1765,.412,157,485,.324,387,602,.643,412,1190,422,196,142,348,566
Oral Roberts,30,2252,2398,810,1819,.445,216,588,.367,416,548,.759,278,1034,423,162,88,360,534
Oregon State,32,2021,2321,721,1686,.428,203,586,.346,376,569,.661,290,1038,380,177,118,491,611
Oregon ,39,3076,2565,1091,2270,.481,334,880,.380,560,787,.712,412,1431,614,253,248,454,614
Pacific,33,2206,2371,784,1939,.404,185,560,.330,453,671,.675,385,1225,396,140,63,386,690
Penn State,33,2367,2400,825,1989,.415,230,679,.339,487,654,.745,330,1166,449,224,184,430,596
Pennsylvania,28,1928,1904,710,1603,.443,234,690,.339,274,417,.657,267,972,401,181,100,358,501
Pepperdine,31,2140,2490,807,1811,.446,178,482,.369,348,543,.641,295,1033,420,157,84,389,531
Pittsburgh,33,2404,2464,807,1825,.442,263,728,.361,527,719,.733,314,1158,473,127,112,396,548
Portland State,31,2645,2535,959,1991,.482,238,697,.341,489,743,.658,322,1064,491,307,81,376,590
Portland,33,2215,2383,758,1793,.423,214,573,.373,485,655,.740,278,1098,325,163,112,424,581
Prairie View,33,2276,2419,788,1839,.428,237,678,.350,463,659,.703,292,1019,404,273,121,436,700
Presbyterian,30,1836,2245,667,1618,.412,181,523,.346,321,468,.686,300,979,364,143,72,451,519
Princeton ,30,2149,1843,772,1716,.450,298,789,.378,307,416,.738,247,1003,426,200,93,298,482
Providence ,33,2319,2207,804,1795,.448,239,645,.371,472,683,.691,294,1101,471,218,98,412,569
Purdue ,35,2790,2393,980,2044,.479,315,782,.403,515,680,.757,344,1322,640,181,87,455,552
Quinnipiac,31,2377,2583,848,2008,.422,228,700,.326,453,663,.683,432,1223,447,178,111,448,607
Radford,32,2090,2247,745,1802,.413,247,715,.345,353,530,.666,396,1219,393,153,114,470,550
Rhode Island ,35,2577,2288,916,2019,.454,217,653,.332,528,791,.668,409,1301,467,227,206,389,725
Rice,35,2853,2650,946,2048,.462,326,840,.388,635,858,.740,353,1331,484,221,129,524,669
Richmond,35,2596,2520,938,1993,.471,271,793,.342,449,630,.713,236,1078,592,232,67,399,634
Rider,33,2498,2500,907,2034,.446,179,539,.332,505,752,.672,421,1331,466,219,119,481,650
Robert Morris,33,2125,2238,728,1818,.400,183,574,.319,486,750,.648,363,1139,348,261,80,497,671
Rutgers,33,2163,2215,809,1967,.411,152,502,.303,393,631,.623,480,1319,360,217,153,437,584
Sacramento State,31,2204,2303,808,1759,.459,160,506,.316,428,657,.651,306,1100,408,145,135,360,568
Sacred Heart,32,2326,2436,832,1882,.442,200,597,.335,462,659,.701,361,1194,459,217,86,516,617
Saint Francis (PA),34,2577,2533,943,2021,.467,277,709,.391,414,598,.692,342,1243,472,225,136,491,551
Saint Joseph's,31,2155,2265,755,1808,.418,174,537,.324,471,725,.650,351,1132,352,150,106,371,547
Saint Louis,33,2026,2288,700,1733,.404,230,672,.342,396,597,.663,279,1093,423,164,95,441,639
Saint Mary's (CA) ,34,2449,1954,892,1797,.496,293,744,.394,372,499,.745,324,1205,563,143,110,365,512
Saint Peter's,36,2376,2189,825,1891,.436,288,755,.381,438,625,.701,297,1182,440,251,106,398,571
Sam Houston State,34,2526,2424,898,2055,.437,212,671,.316,518,755,.686,401,1283,507,239,93,466,758
Samford,36,2834,2733,955,2038,.469,279,707,.395,645,868,.743,345,1300,581,222,88,493,678
San Diego State,33,2260,2064,782,1878,.416,233,736,.317,463,663,.698,350,1199,360,227,164,387,572
San Diego,31,2025,2210,666,1636,.407,258,741,.348,435,603,.721,254,1028,376,121,54,379,600
San Francisco,33,2362,2222,868,1934,.449,299,855,.350,327,514,.636,314,1187,428,220,92,415,639
San Jose State,30,2195,2245,772,1750,.441,200,574,.348,451,643,.701,267,1015,417,190,124,377,589
Santa Clara,33,2204,2158,778,1784,.436,318,832,.382,330,451,.732,203,980,464,170,65,341,617
Savannah State,29,2485,2665,833,2030,.410,392,1182,.332,427,659,.648,358,1169,501,226,94,431,571
Seattle,30,2091,2141,713,1646,.433,260,756,.344,405,573,.707,223,1011,476,199,62,436,568
Seton Hall ,33,2417,2323,872,1949,.447,202,598,.338,471,733,.643,439,1311,405,228,82,449,613
Siena,34,2549,2541,899,1989,.452,186,568,.327,565,795,.711,430,1284,460,199,140,476,664
South Alabama,32,2286,2322,793,1859,.427,223,702,.318,475,725,.655,333,1108,408,240,119,419,653
South Carolina State,31,2167,2486,796,1849,.431,185,578,.320,390,564,.691,320,991,380,154,64,383,594
South Carolina Upstate,33,2575,2530,936,2042,.458,284,821,.346,419,638,.657,396,1279,508,179,104,421,545
South Carolina ,37,2707,2414,924,2197,.421,248,733,.338,611,874,.699,464,1346,468,288,142,480,751
South Dakota State ,35,2683,2697,881,1938,.455,318,883,.360,603,782,.771,316,1229,459,180,83,453,584
South Dakota,34,2639,2513,907,2044,.444,224,657,.341,601,852,.705,355,1268,415,231,115,402,657
South Florida,30,1945,2235,716,1684,.425,174,503,.346,339,516,.657,328,1053,365,183,115,489,579
Southeast Missouri State,33,2460,2464,852,1897,.449,263,716,.367,493,664,.742,289,1024,454,248,63,410,644
Southeastern Louisiana,32,2268,2182,796,1770,.450,215,593,.363,461,675,.683,384,1154,455,218,106,512,619
Southern California ,36,2816,2633,975,2139,.456,283,782,.362,583,787,.741,387,1286,550,252,190,398,571
SIU Edwardsville,30,2044,2282,687,1686,.407,142,486,.292,528,780,.677,353,1073,305,142,85,436,657
Southern Illinois,33,2260,2289,808,1866,.433,175,554,.316,469,674,.696,348,1114,375,225,128,398,594
Southern Methodist ,35,2599,2100,914,1934,.473,286,705,.406,485,696,.697,416,1335,566,200,117,377,506
Southern Mississippi,31,1952,2239,690,1728,.399,200,655,.305,372,526,.707,258,1058,376,145,64,405,527
Southern Utah,33,2559,2814,815,2004,.407,291,815,.357,638,861,.741,383,1218,381,185,107,452,803
Southern,33,2360,2401,825,1887,.437,163,510,.320,547,786,.696,405,1247,384,184,121,453,635
St. Bonaventure,32,2459,2316,825,1864,.443,201,577,.348,608,791,.769,369,1153,423,230,138,401,668
St. Francis (NY),31,1921,2284,650,1871,.347,221,792,.279,400,616,.649,390,1078,287,208,89,379,672
St. John's (NY),33,2534,2598,866,2000,.433,278,763,.364,524,722,.726,337,1137,446,224,197,433,688
Stanford,31,2162,2204,772,1753,.440,157,490,.320,461,676,.682,316,1067,421,211,79,399,604
Stephen F. Austin,33,2289,2271,783,1754,.446,193,605,.319,530,735,.721,378,1147,409,223,100,578,716
Stetson,32,2471,2654,886,2007,.441,261,770,.339,438,665,.659,274,1128,436,155,71,362,608
Stony Brook,32,2215,2204,759,1878,.404,250,764,.327,445,617,.721,358,1108,391,174,102,325,622
Syracuse,34,2594,2416,894,1950,.458,300,791,.379,506,685,.739,363,1183,532,275,159,418,542
Temple,32,2269,2277,808,1916,.422,287,807,.356,366,506,.723,320,1096,464,208,128,365,584
Tennessee-Martin,35,2693,2630,966,2066,.468,287,812,.353,474,689,.688,453,1312,555,228,123,528,606
Tennessee State,30,2134,2032,744,1680,.443,170,502,.339,476,688,.692,366,1117,339,201,102,452,633
Tennessee Tech,32,2317,2340,785,1860,.422,241,742,.325,506,715,.708,356,1144,435,213,115,434,675
Tennessee,32,2383,2335,803,1903,.422,189,579,.326,588,807,.729,388,1206,441,175,146,399,670
Texas A&M-Corpus Christi,36,2715,2574,974,2071,.470,195,588,.332,572,792,.722,368,1227,486,337,142,485,703
Texas A&M,31,2176,2102,804,1754,.458,189,574,.329,379,584,.649,401,1193,489,186,173,439,511
Texas-Arlington,36,2818,2516,999,2168,.461,310,920,.337,510,749,.681,430,1384,566,266,81,472,691
Texas Christian,39,2914,2718,1064,2284,.466,280,790,.354,506,738,.686,453,1404,661,256,175,504,676
Texas-El Paso,32,2217,2202,812,1731,.469,180,517,.348,413,624,.662,235,1101,463,172,99,427,618
Texas-Rio Grande Valley,32,2505,2665,869,2050,.424,276,821,.336,491,685,.717,382,1180,484,246,82,507,780
Texas-San Antonio,33,2178,2291,769,1959,.393,172,608,.283,468,703,.666,425,1293,357,183,62,418,642
Texas Southern ,35,2593,2544,866,2015,.430,205,693,.296,656,893,.735,401,1228,409,250,111,407,607
Texas State,36,2407,2256,865,1933,.447,217,657,.330,460,696,.661,345,1211,526,237,160,423,642
Texas Tech,32,2346,2146,835,1776,.470,212,577,.367,464,633,.733,299,1050,427,169,98,354,562
Texas,33,2215,2273,810,1846,.439,181,619,.292,414,637,.650,323,1133,376,190,149,443,588
Toledo,34,2675,2567,944,1966,.480,262,724,.362,525,755,.695,339,1274,551,135,92,447,574
Towson,33,2447,2285,850,1900,.447,155,499,.311,592,868,.682,445,1305,348,226,118,426,686
Troy ,37,2889,2667,982,2153,.456,311,867,.359,614,847,.725,409,1362,484,221,129,462,654
Tulane,31,2179,2434,751,1856,.405,221,683,.324,456,636,.717,349,1062,398,192,119,420,646
Tulsa,32,2158,2249,701,1673,.419,234,683,.343,522,716,.729,311,1112,362,145,80,473,579
UCLA ,36,3233,2719,1210,2320,.522,354,872,.406,459,622,.738,343,1386,771,212,191,404,583
Utah State,32,2337,2248,828,1779,.465,245,646,.379,436,624,.699,256,1144,492,159,92,391,605
Utah Valley,34,2615,2479,886,2028,.437,300,937,.320,543,767,.708,306,1350,530,216,123,522,667
Utah,32,2511,2180,936,1856,.504,215,609,.353,424,622,.682,321,1217,476,195,113,431,539
Valparaiso,33,2465,2274,848,1912,.444,217,670,.324,552,712,.775,351,1251,422,211,96,425,621
Vanderbilt ,35,2489,2385,815,1896,.430,346,921,.376,513,660,.777,286,1208,450,147,133,430,581
Vermont ,35,2571,2174,943,1909,.494,229,621,.369,456,651,.700,326,1192,476,199,151,392,555
Villanova ,36,2779,2256,965,1948,.495,311,843,.369,538,681,.790,316,1208,505,259,109,402,515
Virginia Commonwealth ,35,2616,2343,945,2050,.461,199,602,.331,527,747,.705,386,1275,525,263,138,435,728
VMI,30,2057,2346,732,1778,.412,248,786,.316,345,500,.690,306,992,356,188,114,395,594
Virginia Tech ,33,2610,2465,887,1813,.489,290,720,.403,546,741,.737,240,1068,497,131,91,398,543
Virginia ,34,2246,1916,839,1823,.460,232,602,.385,336,474,.709,297,1119,473,190,138,324,556
Wagner,30,2047,1973,727,1700,.428,183,552,.332,410,593,.691,434,1184,326,146,108,422,616
Wake Forest ,33,2733,2588,923,1955,.472,268,697,.385,619,795,.779,349,1199,512,183,121,389,668
Washington State,31,2179,2376,801,1739,.461,209,574,.364,368,487,.756,199,993,453,130,85,389,502
Washington,31,2368,2513,874,1949,.448,226,639,.354,394,602,.654,401,1161,408,187,171,425,628
Weber State,34,2714,2505,908,1866,.487,312,749,.417,584,788,.741,221,1103,443,176,117,380,596
West Virginia ,37,3014,2467,1059,2333,.454,275,759,.362,621,907,.685,534,1387,607,371,176,455,756
Western Carolina,32,1965,2347,719,1843,.390,182,592,.307,345,528,.653,397,1158,363,198,75,516,661
Western Illinois,28,2012,2151,711,1633,.435,254,654,.388,336,475,.707,184,968,375,130,124,358,546
Western Kentucky,32,2209,2302,777,1767,.440,214,606,.353,441,657,.671,302,1119,397,143,105,388,475
Western Michigan,32,2417,2408,863,1915,.451,209,563,.371,482,685,.704,370,1155,414,183,91,399,600
Wichita State ,36,2916,2246,992,2114,.469,310,769,.403,622,848,.733,433,1472,586,235,140,406,676
William & Mary,31,2534,2411,887,1808,.491,283,740,.382,477,689,.692,271,1123,543,167,152,388,566
Winthrop ,33,2615,2322,891,1957,.455,313,839,.373,520,725,.717,316,1224,423,216,169,430,605
Wisconsin ,37,2678,2308,971,2135,.455,283,788,.359,453,703,.644,460,1377,504,250,130,411,602
Wofford,33,2593,2479,900,1926,.467,311,771,.403,482,619,.779,323,1105,552,185,71,405,614
Wright State,32,2465,2317,817,1819,.449,285,749,.381,546,715,.764,326,1136,472,181,75,474,594
Wyoming,38,2961,2833,986,2265,.435,369,1055,.350,620,849,.730,322,1446,561,195,172,502,783
Xavier ,38,2836,2711,981,2148,.457,267,776,.344,607,881,.689,451,1417,559,228,100,478,708
Yale,29,2151,2028,769,1644,.468,208,582,.357,405,553,.732,301,1056,452,162,123,377,454
Youngstown State,34,2616,2801,981,2230,.440,250,750,.333,404,601,.672,355,1246,513,187,107,406,566
